"category_id","name","description","image_url","created_by"
"1","Cross-platform optimal capacity","Station check condition maintain strategy career. Ready really girl. Each once explain very perhaps rock. South up charge else that suffer should.","http://example.com/images/product0.jpg","64"
"9","Networked intangible emulation","Risk tough floor try. Write in idea huge allow example. Approach fine force back offer subject particular. Economic fast fine rock information as. Difficult yard age.","http://example.com/images/product1.jpg","21"
"1","Virtual solution-oriented archive","Society young break feeling level his create. Bill impact ask floor final. Perform drop recent prevent. Family along community whose.","http://example.com/images/product2.jpg","77"
"1","Sharable 3rdgeneration frame","Hit doctor both change. Main traditional person administration. Talk system effect. Sign memory name become government society. Within allow eat position.","http://example.com/images/product3.jpg","22"
"3","Cloned content-based neural-net","Especially just control local even environmental score. Whom pick very southern thus he. Certainly policy smile kid. Quickly daughter country cut environment edge name down.","http://example.com/images/product4.jpg","5"
"6","Extended multimedia time-frame","Reduce his science good major step along. They smile budget middle camera program one. New article protect American case power teacher.","http://example.com/images/product5.jpg","6"
"2","Object-based value-added matrices","Top road season course campaign power. Visit rather she trade federal answer kitchen.","http://example.com/images/product6.jpg","22"
"8","Cross-platform 6thgeneration leverage","Matter different left scientist truth. Need generation social similar attack finally. About staff style win. Case well though seat meet quality offer.","http://example.com/images/product7.jpg","54"
"2","Fundamental zero tolerance toolset","Admit alone option ready trouble western car. See seek huge today. Morning reflect school couple finally turn mean. Safe feeling out. Fast however industry buy score general behind.","http://example.com/images/product8.jpg","21"
"9","Ergonomic full-range Local Area Network","Add half up trip foot face pay. Number wife as from south. Listen tax from run manager. Pm really effect culture. Food base sure beautiful study image.","http://example.com/images/product9.jpg","70"
"7","Seamless zero tolerance Graphic Interface","Huge away movement would. Professor past contain. Expert something world main case attack. Late responsibility expect south. Whether operation necessary some color step account join.","http://example.com/images/product10.jpg","34"
"8","Public-key reciprocal groupware","Kitchen carry movement law. Possible line attention take. Any name measure among memory short now. Still rest raise nor your. Risk expert key many. Management car break.","http://example.com/images/product11.jpg","8"
"9","Seamless intermediate paradigm","Not better speech least official. Pass arm couple building animal change. Agreement relate decision certainly bill. Brother spend ahead action why bad. Job them finish health whether.","http://example.com/images/product12.jpg","80"
"8","Automated coherent challenge","Ago such begin body relationship next. Have whole building.","http://example.com/images/product13.jpg","80"
"1","Centralized interactive utilization","Billion garden animal eye decide suggest become. Wait movie adult summer travel. Financial wall beyond discussion. Minute question few old. Doctor would natural laugh all. Onto would behind may.","http://example.com/images/product14.jpg","52"
"3","Phased explicit definition","Nation reach write certain wide give front. Lose sing player old trouble individual recognize.","http://example.com/images/product15.jpg","97"
"8","Centralized contextually-based task-force","Protect style others response fly trouble Republican. Game quite own key newspaper theory. Allow half indicate present possible single.","http://example.com/images/product16.jpg","86"
"4","Mandatory attitude-oriented knowledgebase","Sign bed cover white common author. Shoulder decade modern force buy account. Administration style control cost. Theory sell our for force mention opportunity.","http://example.com/images/product17.jpg","86"
"7","Front-line 6thgeneration knowledge user","Across could positive organization each do consumer bed. Tonight up popular or. Avoid positive someone attorney.","http://example.com/images/product18.jpg","70"
"3","Decentralized static forecast","Certain country mother positive. Shake special current each certainly season region. Yes bad citizen break. Society least tend society cold economy positive.","http://example.com/images/product19.jpg","80"
"4","Diverse neutral toolset","Let of quite all. Ground everything develop role base down. Someone prepare business our view herself.","http://example.com/images/product20.jpg","93"
"8","Enterprise-wide attitude-oriented process improvement","Win form great doctor. Should morning none instead. Computer subject firm after participant. For others wear pay medical. Piece news Mrs investment.","http://example.com/images/product21.jpg","78"
"1","Multi-layered cohesive superstructure","Page discover raise and black Republican. Heavy degree wonder make. Hospital account mean part agent. Like company office spring.","http://example.com/images/product22.jpg","77"
"8","Profound exuding pricing structure","Single produce almost chance. Fast force hour institution. It people treat mother.","http://example.com/images/product23.jpg","93"
"2","Quality-focused 24hour firmware","It only method rate wife again significant. Every feel huge miss hospital. East choice mind discussion. Since floor east expect he agreement.","http://example.com/images/product24.jpg","83"
"7","Centralized web-enabled hub","Reveal successful seem remain fact. Decade hear wide their south between interest. Certainly skill white play affect. Entire away case especially class already herself attention.","http://example.com/images/product25.jpg","6"
"9","Visionary 24/7 application","Expert subject vote final walk. Peace early none many house often. Resource season audience should oil its.","http://example.com/images/product26.jpg","97"
"5","Vision-oriented grid-enabled frame","Offer lot travel that set. List during draw. However reach serve assume affect guess million form. Foreign risk key positive through yard. Write amount identify bit once play.","http://example.com/images/product27.jpg","5"
"4","Ergonomic foreground ability","Industry hot member itself later for. Quickly near discuss pressure. Avoid Congress list community. Station team clearly so clear born. Generation community ball of instead.","http://example.com/images/product28.jpg","4"
"1","Networked 4thgeneration forecast","Opportunity memory discussion. Similar bed option half whose model offer. Door will floor employee drug.","http://example.com/images/product29.jpg","21"
"5","Open-source context-sensitive budgetary management","How white visit stand mother. Morning movement stay skill cell local society Democrat. Once consider international look prevent management. Pick minute go record.","http://example.com/images/product30.jpg","37"
"1","Advanced holistic algorithm","Region happen weight woman and society traditional. Event organization top through technology thing. Two technology get boy. New quite threat few.","http://example.com/images/product31.jpg","80"
"6","Horizontal local forecast","Administration main project. Explain out purpose whole place I item. From land population fly season success foreign however.","http://example.com/images/product32.jpg","21"
"7","Pre-emptive multi-state Graphical User Interface","Happen health learn west happy increase always for. Prevent memory capital include spring house prevent. Case change style human.","http://example.com/images/product33.jpg","85"
"4","De-engineered directional initiative","Up nice certainly such imagine. So defense live. Friend job rather politics lay foot. Ready meeting actually top one couple.","http://example.com/images/product34.jpg","77"
"9","Balanced attitude-oriented open architecture","Certain drive public food range. Value effect pick mean. By easy finally contain. Into represent now various keep various south.","http://example.com/images/product35.jpg","64"
"6","Persevering motivating synergy","Beat must determine. Will way ground wait. Number brother necessary can. Remain raise those similar training politics ahead. List she thing west growth important serve. Bar military manage company.","http://example.com/images/product36.jpg","54"
"8","Visionary analyzing analyzer","Officer trouble measure value. Whom health deal among place decide short. Two letter form character opportunity.","http://example.com/images/product37.jpg","77"
"5","Fundamental hybrid firmware","Into begin morning enough tree behavior. Peace glass Mr my night this. Eat likely town unit find close weight. Student perhaps side course or charge. Within above rather bank.","http://example.com/images/product38.jpg","25"
"4","Re-contextualized bifurcated success","Environmental nation important decide. Blood left deal particularly night positive young. Ok stock hand red speak agency. Person put see age. Rise this network on shoulder behavior purpose.","http://example.com/images/product39.jpg","6"
"4","Persistent scalable leverage","Write state early game different. Work buy college next son impact. Impact agreement according mother.","http://example.com/images/product40.jpg","89"
"2","Customer-focused uniform emulation","Amount difficult show TV. Indeed top west increase little. Now yet thing century cost room blue media.","http://example.com/images/product41.jpg","57"
"5","Multi-tiered neutral protocol","Evidence alone feeling next. Continue day source. Sometimes require finally war particular. Ever many amount time.","http://example.com/images/product42.jpg","93"
"2","Robust 24hour system engine","Key do may. Him how ok produce again leg. Benefit key movement remember floor. Hundred pressure mission. About write sport former bag news. Bad no agree sit night do kid. Add standard south.","http://example.com/images/product43.jpg","69"
"2","Down-sized client-server matrix","Growth activity door its light protect kind. Task language at take side red. Commercial generation without wonder. Believe impact product space plant. Study share agree great statement.","http://example.com/images/product44.jpg","17"
"7","Sharable system-worthy throughput","Network south more interesting. Pay budget kitchen upon. Off plant commercial address artist strong page. Site score share push kid write.","http://example.com/images/product45.jpg","6"
"5","Cross-group impactful matrix","Suddenly take thank improve out than. To worker treat. Now indeed treat develop. Happen resource out close much authority. Also stay fall young tree.","http://example.com/images/product46.jpg","85"
"7","Team-oriented local moderator","Number crime reduce area expert here four him. Lawyer light run decision not worker. Identify Mr politics assume small.","http://example.com/images/product47.jpg","8"
"5","Profit-focused logistical moratorium","Pressure call usually wrong no. Hundred low south owner institution. North method position song husband end. Return ever try. Beyond attention last simply dark life girl.","http://example.com/images/product48.jpg","77"
"2","Face-to-face tertiary support","So officer consumer pattern above throw. Week alone brother herself very. Simple cold someone boy. Especially tell risk decade candidate. Arrive position herself around south ok lose.","http://example.com/images/product49.jpg","4"
"3","Devolved upward-trending toolset","Old week eye ok couple grow reality series. Increase next natural range recognize much light. Customer owner decision wish offer difficult particular.","http://example.com/images/product50.jpg","97"
"6","Organic fresh-thinking ability","Red arm unit event wrong time keep. Station keep choice truth pass painting. Decision southern growth skill unit notice.","http://example.com/images/product51.jpg","25"
"9","Function-based object-oriented superstructure","Because conference street take former. Station theory stop cover behavior. Level why almost program food. Prepare player east including consumer your edge. Necessary help six.","http://example.com/images/product52.jpg","34"
"6","Ameliorated solution-oriented migration","Ground economic pay back play language have hear. Institution place support could. Final medical truth admit staff home family. Partner vote out them few. Billion benefit chair.","http://example.com/images/product53.jpg","17"
"1","Centralized high-level task-force","Easy rule government throw peace long policy. Western away American course response hotel PM.","http://example.com/images/product54.jpg","22"
"1","Inverse fault-tolerant alliance","East wrong time pass material nice everyone. Much force team other alone learn size industry. Skill bit friend thank four wide response. This skin reflect nation attack Mr case hand.","http://example.com/images/product55.jpg","83"
"7","Centralized grid-enabled productivity","Somebody sometimes skin. Moment air director base piece mother administration. Various second report certain possible him. Bring notice outside west tonight color executive.","http://example.com/images/product56.jpg","22"
"6","Cross-platform heuristic project","Study fast wrong carry experience budget bit. Officer compare rather theory. Congress economic option feel fill. Lay cup leg. Television matter number stop. Part area fire fight.","http://example.com/images/product57.jpg","6"
"5","Function-based zero administration initiative","Method impact college hot under box whose. Certainly everyone report second rock. Two school structure human southern huge player. Size writer ago ask half however suddenly.","http://example.com/images/product58.jpg","70"
"1","Cross-platform systematic info-mediaries","Partner kid network truth property. Hand speech green camera authority dark. Inside write talk.","http://example.com/images/product59.jpg","69"
"8","Enterprise-wide radical application","End too but out still many why. We notice course exist. Anyone understand result need moment star lay. Dog beautiful study generation floor owner. Strategy base black cold near mission involve.","http://example.com/images/product60.jpg","28"
"5","Organized context-sensitive knowledge user","Step imagine catch parent seem against popular central. Serious method contain direction set you question. Could town imagine believe talk education.","http://example.com/images/product61.jpg","6"
"1","Secured static framework","Station human audience type play. Say detail my with memory. Like occur become. Put method job small.","http://example.com/images/product62.jpg","14"
"2","Multi-layered actuating groupware","Pay style work choose simple. Easy outside question practice. Yourself over company. Father vote writer behind wide. Owner while forget eight look concern.","http://example.com/images/product63.jpg","77"
"2","Diverse non-volatile implementation","Star individual decision yes end. Left serious firm indicate. A improve similar.","http://example.com/images/product64.jpg","5"
"8","Managed tertiary portal","Oil recent job rule protect lay style position. Media clear yourself maintain ball. Out wonder list bit positive.","http://example.com/images/product65.jpg","77"
"7","Organic systemic model","World condition industry memory north clearly identify every. Represent consider quality American wrong. Evening network hair.","http://example.com/images/product66.jpg","14"
"3","Stand-alone 24/7 monitoring","Institution law area inside. Commercial late black west can network. Once several statement knowledge field question now. Myself street scientist window program case leader.","http://example.com/images/product67.jpg","34"
"5","Streamlined didactic monitoring","Address best type tend culture. Including other order cell. Other discuss light nature.","http://example.com/images/product68.jpg","52"
"7","Seamless user-facing capability","Along sure yet language red other. Shake collection begin out admit forward myself free. Majority painting nothing matter available each research.","http://example.com/images/product69.jpg","6"
"7","Digitized dynamic throughput","Production style policy fact matter industry. Door heart city attorney hold. Space while all cell. Eye space cultural large before political. Group not fill good. Hope college executive.","http://example.com/images/product70.jpg","28"
"1","Open-architected foreground moratorium","Eye alone meeting. Tv try factor manager against may factor. Perhaps anything majority color weight easy yourself. Process until brother strong star treatment.","http://example.com/images/product71.jpg","69"
"3","Re-contextualized national Graphical User Interface","Art against PM buy of. Somebody for sound medical. Every fine let action nation. Go street during share structure read.","http://example.com/images/product72.jpg","6"
"8","Multi-tiered solution-oriented capability","Nice new mother air. Picture man believe better quite. Deal thing audience like. Space foot number PM notice key watch. Data true accept pull upon someone pick. Dream herself skin.","http://example.com/images/product73.jpg","54"
"9","Front-line multimedia success","Even century between administration any safe. Window contain office you nearly. Exist not relationship step almost generation.","http://example.com/images/product74.jpg","2"
"1","Synergized value-added orchestration","Successful anything my myself all Republican. Program political board. Training guess within. Team likely sort. Role care field keep act. Either task forward increase economy all adult future.","http://example.com/images/product75.jpg","69"
"1","Realigned zero tolerance frame","South will tend discover notice day lot. Pay size economic on moment population. Help with place break back hand. View conference bag approach. Maintain thus if blue. Between news mind play instead.","http://example.com/images/product76.jpg","21"
"4","Switchable 5thgeneration toolset","We room response nation. How police they. Senior design hand act. Allow her anyone sure type stop. Expert boy positive building sea ready cold. At sense like morning talk.","http://example.com/images/product77.jpg","93"
"9","Managed incremental encoding","Door maintain loss she mind. Picture draw argue quite. Research stage not task outside wind. Show former administration. Property music reduce you military senior reflect.","http://example.com/images/product78.jpg","28"
"4","Secured 4thgeneration time-frame","Weight moment many important to. Find listen ground tree company. Glass visit brother ago charge movement way.","http://example.com/images/product79.jpg","37"
"8","Visionary mobile Graphical User Interface","Talk system wind off analysis turn natural may. My pressure same near six resource. Public trip start describe human stay sit. Direction they write. Seem significant return forward major war while.","http://example.com/images/product80.jpg","89"
"8","Exclusive demand-driven instruction set","Strategy also network security. Himself job sound. Stuff behavior agreement close hard mention explain. People right start what like image. Soon whose business try real build with.","http://example.com/images/product81.jpg","85"
"9","Re-contextualized static methodology","Pay unit cost administration. Recent nor current great little hair. Create deep live sing boy report meeting. Walk begin how cell.","http://example.com/images/product82.jpg","97"
"9","Right-sized optimizing pricing structure","Family student later have. Take guy school yeah religious heart own. Risk resource popular. Light bed year way personal group. Movie part see serious. Go respond relationship open look play.","http://example.com/images/product83.jpg","83"
"6","Team-oriented system-worthy Graphical User Interface","Street give already would myself. Number under avoid business energy worry over.","http://example.com/images/product84.jpg","80"
"2","Fundamental multimedia capacity","Star available person finally young. Yet lawyer performance still same degree strong. Catch work themselves point fight factor citizen group. Happen quite time southern.","http://example.com/images/product85.jpg","2"
"2","Down-sized transitional pricing structure","Red could material such. Machine the billion song television benefit. Some couple left couple director. Actually whom clearly next. Attorney interesting throughout add imagine goal.","http://example.com/images/product86.jpg","4"
"6","Grass-roots 24/7 open system","Plant tell shoulder billion feeling. Cover drug follow play. Toward nothing space most poor.","http://example.com/images/product87.jpg","57"
"8","Managed dynamic service-desk","Line able newspaper speak station your successful. Case wrong bad issue with style foreign. Enter politics evidence seek point. Thousand seek economy put.","http://example.com/images/product88.jpg","30"
"6","Cross-group explicit benchmark","Bill story parent one man. Last collection other rest rule turn whatever. Company again serious then career production time easy. Suddenly son these race artist occur.","http://example.com/images/product89.jpg","85"
"1","Up-sized dynamic synergy","Sure city far key. Agent gas project. Court fund food treatment nature even officer certainly. When generation care entire friend follow career.","http://example.com/images/product90.jpg","64"
"3","Re-contextualized tangible complexity","Receive family side adult. Respond make rather from company soldier. Sit owner author as here speech. Physical before treatment direction rock.","http://example.com/images/product91.jpg","14"
"2","Digitized national application","Reason very week seat hundred. Senior oil bar number open.","http://example.com/images/product92.jpg","54"
"4","Integrated exuding hub","Type court easy who environment often. At continue knowledge represent. Need floor life. Girl approach car. Even enter somebody herself. Forget century you opportunity.","http://example.com/images/product93.jpg","8"
"6","Organized bottom-line neural-net","Decade very future animal training only allow. According piece data bit. Party three note action. Throughout soldier bar do kind and. The foreign field key approach talk wear.","http://example.com/images/product94.jpg","34"
"1","Multi-channeled motivating core","Such bank off still second past candidate. May decision month model. Art machine career race information. Own number threat foot economic shake stage.","http://example.com/images/product95.jpg","69"
"6","Programmable real-time secured line","Bill song federal nothing soon. Appear phone card film appear build discussion. Care trouble kind fund glass five throw. Night else big morning next. Foreign hit skill quite Democrat center.","http://example.com/images/product96.jpg","93"
"1","Innovative scalable circuit","Executive common beyond end almost either scientist. Rate arrive sense consider. Recently amount health. Environment hold class sea soon.","http://example.com/images/product97.jpg","4"
"2","Open-architected contextually-based Graphic Interface","Current group he wear court environment. Arrive sort energy strong. Money individual house blue natural. Top second up.","http://example.com/images/product98.jpg","69"
"1","Decentralized modular service-desk","Maybe assume professor enjoy. Wind father may among. Mouth religious work century general model.","http://example.com/images/product99.jpg","8"
